Fuel Type,LCV (MJ/kg),Cf_CO2,Cf_CH4,Cf_N2O
Distillate fuel,42.7,3.206,0.00005,0.00018
Light Fuel Oil,41.2,3.151,0.00005,0.00018
Heavy Fuel Oil,40.2,3.114,0.00005,0.00018
LPG (Propane),46.3,3,0.00005,0.00018
LPG (Butane),45.7,3.03,0.00005,0.00018
LNG,48,2.75,0,0.00011
Methanol,19.9,1.375,0.00005,0.00018
Ethanol,26.8,1.913,0.00005,0.00018
Ammonia,18.6,0,0.00005,0.00018
Hydrogen,120,0,0,0